{"cameraMode":{"drawMode":0,"name":"Shaded","section":"Shading Mode"},"sceneLighting":true,"audioPlay":false,"sceneViewState":{"m_AlwaysRefresh":false,"showFog":true,"showSkybox":true,"showFlares":true,"showImageEffects":true,"showParticleSystems":true,"showVisualEffectGraphs":true,"m_FxEnabled":true},"in2DMode":false,"pivot":{"x":11.929943084716797,"y":-55.305564880371097,"z":-49.14899444580078},"rotation":{"x":-0.006086925510317087,"y":0.9140816926956177,"z":-0.40525758266448977,"w":-0.013724296353757382},"size":86.99107360839844,"orthographic":false}