{"cameraMode":{"drawMode":0,"name":"Shaded","section":"Shading Mode"},"sceneLighting":true,"audioPlay":false,"sceneViewState":{"m_AlwaysRefresh":false,"showFog":true,"showSkybox":true,"showFlares":true,"showImageEffects":true,"showParticleSystems":true,"showVisualEffectGraphs":true,"m_FxEnabled":true},"in2DMode":false,"pivot":{"x":6.0838727951049809,"y":0.7801576852798462,"z":-16.280715942382814},"rotation":{"x":-0.006086925510317087,"y":0.9140816926956177,"z":-0.40525758266448977,"w":-0.013724296353757382},"size":1.059072494506836,"orthographic":false}